ID,Product Name
1,Clean Thermostat
2,Smart Detergent
3,Breeze Hair Dryer
4,Quick Backpack
5,Serenity Yoga Mat
6,Flexi Pet Bed
7,Healthy Purifier
8,Snap Water Filter
9,Flexi Pet Bed
10,Snap Thermostat
11,Elite Camera
12,Gourmet Fountain
13,Lumina Glassware
14,Pure Candle
15,Sparkle Snack Box
16,Smart Soap
17,Elite Lamp
18,Precision Water Bottle
19,Ultra Headphones
20,Elite Candle
21,Plush Fountain
22,Clean Mop
23,Lumina Watch
24,Vibe Footwear
25,Pure Mouse
26,Ultra Backpack
27,Dynamic Sweater
28,Elite Power Bank
29,Vivid Vacuum
30,Travel Purifier
31,Luxe Footwear
32,Smart Shower Gel
33,Fresh Hair Trimmer
34,Elite Yoga Mat
35,Elite Thermostat
36,Elegance Sleep Mask
37,Eco Watch
38,Zen Lock
39,Gourmet Mouse
40,Vivid Flashlight
41,Elegance Power Bank
42,Comfort Purifier
43,Aqua Backpack
44,Lumina Headphones
45,Flexi Lamp
46,Pure Snack Box
47,Relax Sleep Mask
48,Ultra Massage Chair
49,Crystal Lipstick
50,Flexi Watch
51,Turbo Pillow
52,Smart Pet Bed
53,Fresh Fitness Band
54,Lumina Snack Box
55,Lumina Detergent
56,Aqua Purifier
57,Fit Coffee Maker
58,Ultra Blanket
59,Healthy Footwear
60,Dynamic Fountain
61,Style Candle
62,Travel Fountain
63,Smart Earbuds
64,Ultra Mop
65,Smart Sweater
66,Plush Water Filter
67,Pure Toothbrush
68,Lumina Fan
69,Ultra TV
70,Gourmet Drill
71,Fresh Lamp
72,Ultra Yoga Mat
73,Comfort Pet Bed
74,Ultra Hair Trimmer
75,Cozy Sweater
76,Aqua Lock
77,Aqua Mattress
78,Gourmet Earbuds
79,Precision Camera
80,Quick Shower Gel
81,Pure TV
82,Cozy Footwear
83,Snap Detergent
84,Lumina Sleep Mask
85,Smart Water Filter
86,Relax TV
87,Serenity BBQ
88,Gourmet Sleep Mask
89,Power Yoga Mat
90,Ultra Drill
91,Gourmet Watch
92,Zen Fountain
93,Fit Shower Gel
94,Plush Lamp
95,Flexi Headphones
96,Speed Coffee Maker
97,Smart Drill
98,Vivid Lamp
99,Flexi Mouse
100,Lumina TV
101,Relax Power Bank
102,Style Lipstick
103,Fresh Yoga Mat
104,Breeze Backpack
105,Elite Camera
106,Power Snack Box
107,Vibe Water Bottle
108,Pure Fitness Band
109,Cozy Water Bottle
110,Zen Hair Dryer
111,Fresh Thermostat
112,Gourmet Sleep Mask
113,Elite Mop
114,Turbo Sleep Mask
115,Precision Shower Gel
116,Power Blender
117,Snap Mouse
118,Fresh Power Bank
119,Vivid Drill
120,Elegance Toothbrush
121,Ultra Juicer
122,Hydro Water Bottle
123,Comfort Detergent
124,Cozy Candle
125,Aqua Backpack
126,Speed Lipstick
127,Comfort Toothpaste
128,Glimmer Mouse
129,Travel Fan
130,Hydro Hair Trimmer
131,Elegance Toothpaste
132,Comfort Pet Bed
133,Aqua Vacuum
134,Fit Blanket
135,Fusion Pillow
136,Smart Toothbrush
137,Ultra Power Bank
138,Fusion Thermostat
139,Vivid Laptop
140,Power Candle
141,Elegance Drill
142,Elite Watch
143,Fusion Lamp
144,Fusion Toothpaste
145,Ultra Sleep Mask
146,Ultra Fitness Band
147,Vivid Hair Trimmer
148,Fresh Footwear
149,Gourmet Power Bank
150,Dynamic Hair Trimmer
151,Luxe Massage Chair
152,Style Massage Chair
153,Relax Yoga Mat
154,Speed Power Bank
155,Comfort Laptop
156,Comfort Pet Bed
157,Gourmet Hair Dryer
158,Elegance Glassware
159,Fusion Shower Gel
160,Lumina Toothbrush
161,Lumina Vacuum
162,Plush Watch
163,Aqua Shower Gel
164,Fresh Shower Gel
165,Travel Power Bank
166,Gourmet Hair Dryer
167,Luxe Water Filter
168,Clean Pillow
169,Gourmet Knife Set
170,Lumina Purifier
171,Fusion Glassware
172,Relax Headphones
173,Elegance Candle
174,Power Blender
175,Smart Massage Chair
176,Style Vacuum
177,Vibe Pillow
178,Smart Candle
179,Pure Camera
180,Power Fan
181,Healthy TV
182,Quick Fan
183,Plush TV
184,Aqua Stand
185,Fresh Hair Dryer
186,Pure Toothbrush
187,Pure Juicer
188,Crystal Purifier
189,Speed Mattress
190,Aqua Sleep Mask
191,Power Soap
192,Lumina Water Bottle
193,Ultra Blanket
194,Fit Water Filter
195,Pure Soap
196,Speed Thermostat
197,Style Coffee Maker
198,Turbo Candle
199,Plush Water Filter
200,Ultra Blanket
201,Relax Sleep Mask
202,Relax Juicer
203,Quick Sleep Mask
204,Style Toothpaste
205,Elite Lamp
206,Healthy Water Filter
207,Healthy Glassware
208,Hydro Shower Gel
209,Cozy Fountain
210,Elite Shower Gel
211,Precision Backpack
212,Ultra Hair Trimmer
213,Clean Earbuds
214,Power Stand
215,Pure Sweater
216,Plush Stand
217,Elegance Fitness Band
218,Serenity Mattress
219,Travel Mop
220,Speed Candle
221,Cozy Shower Gel
222,Cozy Camera
223,Hydro Massage Chair
224,Comfort Snack Box
225,Vivid Lipstick
226,Pure Snack Box
227,Cozy Fitness Band
228,Fit Snack Box
229,Style Mouse
230,Elegance Purifier
231,Aqua Sleep Mask
232,Plush Watch
233,Turbo Footwear
234,Zen Laptop
235,Cozy Mop
236,Power Mop
237,Ultra Power Bank
238,Vivid Running Shoes
239,Aqua Thermostat
240,Eco Snack Box
241,Luxe Glassware
242,Lumina Detergent
243,Fresh Coffee Maker
244,Smart Toothpaste
245,Quick Footwear
246,Fresh Soap
247,Snap Watch
248,Power Shower Gel
249,Travel Blender
250,Fusion Mattress
251,Eco Hair Trimmer
252,Plush Mattress
253,Plush Earbuds
254,Clean Juicer
255,Snap TV
256,Aqua Lock
257,Snap Vacuum
258,Fresh Mouse
259,Fit Candle
260,Luxe Shower Gel
261,Healthy Soap
262,Vivid BBQ
263,Lumina Watch
264,Gourmet Water Bottle
265,Aqua Footwear
266,Gourmet Purifier
267,Crystal Mouse
268,Snap Hair Trimmer
269,Vivid Laptop
270,Clean Soap
271,Fresh Flashlight
272,Clean Blender
273,Vivid Purifier
274,Power Fitness Band
275,Speed Watch
276,Hydro Water Filter
277,Smart Candle
278,Crystal Footwear
279,Comfort Knife Set
280,Smart Watch
281,Healthy Mouse
282,Vibe Hair Dryer
283,Snap Running Shoes
284,Fresh Mouse
285,Cozy Hair Dryer
286,Cozy Laptop
287,Crystal Glassware
288,Ultra Hair Trimmer
289,Speed Headphones
290,Elite TV
291,Crystal Blanket
292,Breeze Water Filter
293,Fresh Fan
294,Flexi Laptop
295,Ultra Backpack
296,Precision Toothbrush
297,Fresh Mop
298,Zen Lipstick
299,Hydro Purifier
300,Smart Mattress
301,Luxe Mouse
302,Vivid Glassware
303,Turbo Fitness Band
304,Quick Purifier
305,Fresh Power Bank
306,Ultra TV
307,Style Stand
308,Speed Watch
309,Fresh Water Bottle
310,Breeze Pet Bed
311,Sparkle Massage Chair
312,Fusion Coffee Maker
313,Power Purifier
314,Fresh Blanket
315,Precision Sleep Mask
316,Ultra Water Bottle
317,Fresh Knife Set
318,Style Sweater
319,Cozy Mouse
320,Fit Lipstick
321,Smart Hair Dryer
322,Precision Earbuds
323,Plush Watch
324,Elite Lock
325,Cozy Running Shoes
326,Elite Detergent
327,Fit Flashlight
328,Smart Vacuum
329,Fresh Snack Box
330,Healthy Stand
331,Ultra Drill
332,Elite Massage Chair
333,Elite Flashlight
334,Power Camera
335,Ultra Detergent
336,Speed Power Bank
337,Fresh Hair Trimmer
338,Aqua Coffee Maker
339,Lumina Thermostat
340,Style Water Filter
341,Elegance Hair Trimmer
342,Vibe Mop
343,Aqua Mop
344,Vibe Sweater
345,Gourmet Watch
346,Vibe Camera
347,Speed Stand
348,Fresh BBQ
349,Crystal Juicer
350,Vibe Soap
351,Dynamic Yoga Mat
352,Pure Detergent
353,Snap Lock
354,Clean Glassware
355,Elegance Lock
356,Aqua Juicer
357,Clean Watch
358,Crystal Mouse
359,Pure Running Shoes
360,Relax Mattress
361,Aqua Drill
362,Cozy Candle
363,Style Mattress
364,Ultra BBQ
365,Lumina Fountain
366,Fresh Headphones
367,Aqua Camera
368,Power Watch
369,Travel Watch
370,Gourmet Sleep Mask
371,Travel Running Shoes
372,Eco Water Bottle
373,Quick Yoga Mat
374,Fresh TV
375,Vibe Coffee Maker
376,Plush Yoga Mat
377,Cozy Hair Dryer
378,Zen Lipstick
379,Smart Fountain
380,Zen BBQ
381,Eco Watch
382,Hydro BBQ
383,Travel Running Shoes
384,Pure Running Shoes
385,Breeze Lock
386,Power Sweater
387,Comfort Running Shoes
388,Smart Yoga Mat
389,Serenity Earbuds
390,Travel Power Bank
391,Fresh BBQ
392,Pure Coffee Maker
393,Smart Glassware
394,Dynamic Mouse
395,Eco Massage Chair
396,Zen Blender
397,Fresh TV
398,Glimmer Blanket
399,Pure Fan
400,Cozy Coffee Maker
401,Fresh Blender
402,Smart Drill
403,Vivid Fountain
404,Quick Water Filter
405,Comfort Snack Box
406,Plush Running Shoes
407,Precision Snack Box
408,Crystal Pet Bed
409,Fit Vacuum
410,Snap TV
411,Eco Fitness Band
412,Hydro Massage Chair
413,Clean Water Filter
414,Aqua Candle
415,Cozy Vacuum
416,Power Yoga Mat
417,Relax Sweater
418,Ultra Juicer
419,Quick TV
420,Luxe Pet Bed
421,Plush Sweater
422,Lumina Water Bottle
423,Relax Hair Dryer
424,Cozy Lamp
425,Comfort Hair Trimmer
426,Lumina Running Shoes
427,Travel Mouse
428,Eco Power Bank
429,Plush Blanket
430,Vibe Mouse
431,Snap Hair Dryer
432,Glimmer Hair Dryer
433,Gourmet Vacuum
434,Zen Mop
435,Serenity Shower Gel
436,Elite Laptop
437,Fit Toothbrush
438,Vibe Stand
439,Precision Yoga Mat
440,Hydro Juicer
441,Lumina Watch
442,Elite Watch
443,Crystal Footwear
444,Gourmet Pillow
445,Elegance Glassware
446,Elegance Running Shoes
447,Fresh Laptop
448,Plush Pillow
449,Lumina Massage Chair
450,Vibe Water Bottle
451,Aqua Laptop
452,Elite Camera
453,Power Toothbrush
454,Elite Stand
455,Sparkle Hair Trimmer
456,Elite Knife Set
457,Fit Headphones
458,Fresh BBQ
459,Turbo Massage Chair
460,Vivid Stand
461,Cozy Candle
462,Fresh Lipstick
463,Gourmet Watch
464,Luxe Backpack
465,Elite Shower Gel
466,Elegance Water Filter
467,Clean Pet Bed
468,Hydro Massage Chair
469,Flexi Lock
470,Travel Glassware
471,Fit Blender
472,Speed Yoga Mat
473,Elite Snack Box
474,Plush Knife Set
475,Power Vacuum
476,Elite Flashlight
477,Crystal Backpack
478,Comfort Water Filter
479,Quick Blanket
480,Aqua TV
481,Fit Blanket
482,Eco Massage Chair
483,Hydro Water Filter
484,Elite Pet Bed
485,Fresh Running Shoes
486,Fresh Hair Dryer
487,Aqua Headphones
488,Hydro Lipstick
489,Aqua Water Filter
490,Dynamic Footwear
491,Aqua Knife Set
492,Vibe Coffee Maker
493,Elite Massage Chair
494,Eco Water Bottle
495,Aqua Mop
496,Aqua Hair Trimmer
497,Elegance Fan
498,Style TV
499,Gourmet Detergent
500,Smart Headphones
501,Quick Toothpaste
502,Precision TV
503,Snap Watch
504,Cozy Sleep Mask
505,Vibe Snack Box
506,Fresh Power Bank
507,Smart Mop
508,Aqua Vacuum
509,Comfort Flashlight
510,Travel Water Filter
511,Power Toothpaste
512,Ultra Lipstick
513,Snap Lamp
514,Aqua Glassware
515,Snap Shower Gel
516,Gourmet Mouse
517,Relax Coffee Maker
518,Plush Fan
519,Quick Backpack
520,Smart Running Shoes
521,Turbo Toothpaste
522,Eco Detergent
523,Aqua Hair Dryer
524,Aqua Fan
525,Turbo TV
526,Comfort Candle
527,Pure Camera
528,Healthy Fitness Band
529,Gourmet Shower Gel
530,Vibe BBQ
531,Clean Drill
532,Cozy Stand
533,Pure Running Shoes
534,Vibe Yoga Mat
535,Flexi Hair Trimmer
536,Vivid Blender
537,Vibe Massage Chair
538,Cozy Stand
539,Fresh Hair Dryer
540,Fit Running Shoes
541,Ultra Purifier
542,Ultra Glassware
543,Cozy Lipstick
544,Comfort Sleep Mask
545,Luxe Sleep Mask
546,Zen TV
547,Snap Candle
548,Gourmet Yoga Mat
549,Elegance Watch
550,Lumina Yoga Mat
551,Speed Yoga Mat
552,Breeze Lock
553,Comfort Mouse
554,Cozy Thermostat
555,Lumina Drill
556,Vivid Massage Chair
557,Fusion Mouse
558,Dynamic Glassware
559,Gourmet Hair Dryer
560,Travel Water Bottle
561,Aqua Sweater
562,Lumina Fountain
563,Ultra Mattress
564,Gourmet Coffee Maker
565,Style Sweater
566,Glimmer Fountain
567,Fusion Earbuds
568,Lumina Pet Bed
569,Plush Drill
570,Elite Pillow
571,Cozy Blanket
572,Luxe Fan
573,Clean Massage Chair
574,Vibe Juicer
575,Cozy Water Bottle
576,Elegance Lamp
577,Speed Yoga Mat
578,Flexi Toothbrush
579,Fit Blender
580,Breeze Pet Bed
581,Comfort Camera
582,Elegance Backpack
583,Fresh Laptop
584,Cozy Camera
585,Vibe Headphones
586,Clean Glassware
587,Style Laptop
588,Ultra Glassware
589,Style Laptop
590,Fresh Coffee Maker
591,Aqua Water Filter
592,Smart Lock
593,Speed Watch
594,Style Mop
595,Pure Lamp
596,Healthy Running Shoes
597,Pure Footwear
598,Relax Pillow
599,Travel Hair Dryer
600,Clean Hair Trimmer
601,Pure Blender
602,Vibe Snack Box
603,Cozy Mattress
604,Power Juicer
605,Style Snack Box
606,Fusion Pillow
607,Precision Vacuum
608,Lumina Mouse
609,Power Pillow
610,Fusion Pet Bed
611,Smart Pet Bed
612,Fresh Fountain
613,Luxe Running Shoes
614,Lumina Glassware
615,Pure Soap
616,Elite Mop
617,Pure Lamp
618,Eco Hair Trimmer
619,Style Lock
620,Aqua Running Shoes
621,Ultra Lock
622,Lumina Mouse
623,Sparkle Glassware
624,Fresh Fitness Band
625,Sparkle Backpack
626,Plush BBQ
627,Vibe Toothpaste
628,Ultra Water Filter
629,Cozy Glassware
630,Lumina Coffee Maker
631,Lumina Footwear
632,Aqua Stand
633,Sparkle Earbuds
634,Lumina Pet Bed
635,Quick Camera
636,Fit Earbuds
637,Flexi Knife Set
638,Fresh Toothpaste
639,Glimmer Purifier
640,Snap Thermostat
641,Pure Soap
642,Elite Water Filter
643,Cozy Mop
644,Glimmer Mattress
645,Elite Sweater
646,Sparkle Shower Gel
647,Lumina Camera
648,Smart Hair Trimmer
649,Clean Blanket
650,Plush Headphones
651,Elite Drill
652,Power Water Filter
653,Clean Juicer
654,Fit Candle
655,Precision Soap
656,Travel Shower Gel
657,Style Hair Trimmer
658,Plush Juicer
659,Healthy Mop
660,Power Hair Trimmer
661,Aqua Blanket
662,Cozy Power Bank
663,Gourmet Water Bottle
664,Fusion Flashlight
665,Precision Laptop
666,Glimmer Backpack
667,Fresh Snack Box
668,Precision Earbuds
669,Power Coffee Maker
670,Cozy Drill
671,Ultra Thermostat
672,Snap Hair Dryer
673,Gourmet Snack Box
674,Smart Water Filter
675,Elegance Massage Chair
676,Eco Coffee Maker
677,Snap Camera
678,Elegance Watch
679,Lumina Backpack
680,Zen Massage Chair
681,Vibe BBQ
682,Precision Mouse
683,Precision Lipstick
684,Smart Juicer
685,Ultra Power Bank
686,Precision Fountain
687,Fit Watch
688,Flexi Knife Set
689,Vivid Water Bottle
690,Relax Candle
691,Smart Watch
692,Flexi Headphones
693,Fusion Water Filter
694,Gourmet Vacuum
695,Quick Shower Gel
696,Plush Coffee Maker
697,Vivid Mouse
698,Elite Watch
699,Smart Stand
700,Pure Shower Gel
701,Fresh Fountain
702,Power Watch
703,Vivid Flashlight
704,Style Sweater
705,Style Fountain
706,Healthy Hair Trimmer
707,Vivid Footwear
708,Flexi Sleep Mask
709,Fresh Thermostat
710,Dynamic Water Filter
711,Speed Purifier
712,Relax Pet Bed
713,Cozy Blanket
714,Plush Hair Trimmer
715,Flexi Fountain
716,Relax Detergent
717,Cozy Blanket
718,Comfort Massage Chair
719,Gourmet Lamp
720,Aqua Pillow
721,Comfort Power Bank
722,Vivid Running Shoes
723,Healthy Hair Trimmer
724,Eco Sleep Mask
725,Relax Water Filter
726,Fit Headphones
727,Fresh Glassware
728,Smart Shower Gel
729,Serenity Mouse
730,Elegance Sweater
731,Speed Snack Box
732,Travel Pet Bed
733,Ultra Backpack
734,Gourmet Candle
735,Lumina Yoga Mat
736,Lumina Soap
737,Glimmer Watch
738,Eco Candle
739,Crystal Purifier
740,Fusion Thermostat
741,Smart Mattress
742,Elite Lipstick
743,Smart Massage Chair
744,Pure Flashlight
745,Relax Blender
746,Elite Blender
747,Ultra Stand
748,Gourmet Footwear
749,Quick Coffee Maker
750,Fit Fan
751,Smart Water Bottle
752,Flexi BBQ
753,Vibe Hair Dryer
754,Speed Pillow
755,Precision Shower Gel
756,Ultra Vacuum
757,Zen Soap
758,Smart Headphones
759,Fresh Toothbrush
760,Smart Glassware
761,Precision Running Shoes
762,Dynamic Mouse
763,Comfort Fan
764,Cozy Lipstick
765,Elite Sweater
766,Healthy Headphones
767,Serenity Yoga Mat
768,Cozy TV
769,Healthy Running Shoes
770,Ultra Sweater
771,Pure Knife Set
772,Vivid Knife Set
773,Hydro Laptop
774,Clean Earbuds
775,Aqua Knife Set
776,Sparkle Vacuum
777,Fusion Flashlight
778,Pure Running Shoes
779,Power TV
780,Power Knife Set
781,Glimmer Juicer
782,Fresh Yoga Mat
783,Aqua Running Shoes
784,Comfort Knife Set
785,Fresh Watch
786,Elite Blender
787,Gourmet Fitness Band
788,Comfort Headphones
789,Fresh Knife Set
790,Speed Lipstick
791,Style Pillow
792,Smart Snack Box
793,Glimmer Fitness Band
794,Fit Toothbrush
795,Cozy Running Shoes
796,Fresh Mouse
797,Healthy Purifier
798,Eco Water Bottle
799,Elegance Footwear
800,Fresh Toothbrush
801,Pure Lamp
802,Lumina Mattress
803,Quick Footwear
804,Pure Coffee Maker
805,Crystal BBQ
806,Elegance Blender
807,Clean Candle
808,Breeze Watch
809,Quick Candle
810,Speed Camera
811,Snap Hair Dryer
812,Hydro Headphones
813,Aqua Soap
814,Relax Vacuum
815,Serenity Headphones
816,Eco Laptop
817,Ultra Running Shoes
818,Ultra Stand
819,Style Laptop
820,Style Massage Chair
821,Luxe Sleep Mask
822,Plush Detergent
823,Elite BBQ
824,Aqua Pet Bed
825,Lumina Sweater
826,Ultra Water Bottle
827,Fresh Pillow
828,Power Watch
829,Hydro Fitness Band
830,Lumina Sleep Mask
831,Plush Soap
832,Breeze Camera
833,Turbo Mop
834,Serenity Snack Box
835,Glimmer Candle
836,Dynamic Blender
837,Smart Mattress
838,Vivid Candle
839,Travel Running Shoes
840,Vivid Water Bottle
841,Zen Footwear
842,Fit Footwear
843,Aqua Detergent
844,Gourmet Fitness Band
845,Power Coffee Maker
846,Crystal Sleep Mask
847,Zen Lamp
848,Fresh Blender
849,Comfort Running Shoes
850,Serenity Detergent
851,Breeze Earbuds
852,Relax Pet Bed
853,Vivid Pillow
854,Smart Power Bank
855,Healthy Coffee Maker
856,Sparkle Backpack
857,Gourmet Mouse
858,Speed Vacuum
859,Healthy Toothpaste
860,Lumina Soap
861,Serenity Snack Box
862,Fresh Hair Trimmer
863,Ultra Fitness Band
864,Elite Shower Gel
865,Zen Glassware
866,Vivid Lipstick
867,Plush Candle
868,Smart Knife Set
869,Aqua Massage Chair
870,Turbo Blanket
871,Elite Lipstick
872,Elite Laptop
873,Lumina Sleep Mask
874,Fresh Glassware
875,Glimmer Water Bottle
876,Elite Headphones
877,Hydro Watch
878,Serenity BBQ
879,Luxe Soap
880,Flexi Vacuum
881,Precision Juicer
882,Healthy Coffee Maker
883,Dynamic Mouse
884,Aqua Flashlight
885,Dynamic Mattress
886,Serenity Juicer
887,Lumina Purifier
888,Eco Sleep Mask
889,Gourmet Drill
890,Gourmet Power Bank
891,Lumina Vacuum
892,Pure Watch
893,Lumina Blanket
894,Elegance Lamp
895,Zen Soap
896,Vivid Water Filter
897,Relax Fountain
898,Breeze Mattress
899,Relax Fan
900,Elite Snack Box
901,Power Blanket
902,Elite Fountain
903,Clean Footwear
904,Eco Lamp
905,Fresh Fitness Band
906,Flexi Lipstick
907,Smart Laptop
908,Pure Massage Chair
909,Lumina Fitness Band
910,Luxe Soap
911,Lumina Snack Box
912,Style Footwear
913,Eco Purifier
914,Healthy Toothpaste
915,Smart Footwear
916,Elegance Lipstick
917,Travel Lamp
918,Pure Water Bottle
919,Ultra Lamp
920,Lumina Mop
921,Clean Headphones
922,Snap Pillow
923,Crystal Yoga Mat
924,Cozy Watch
925,Elite Footwear
926,Smart Mattress
927,Lumina Shower Gel
928,Turbo Fountain
929,Cozy Toothpaste
930,Fresh Blanket
931,Vibe Massage Chair
932,Dynamic Glassware
933,Smart Glassware
934,Vibe Water Bottle
935,Crystal Shower Gel
936,Vivid Purifier
937,Fresh Backpack
938,Gourmet TV
939,Vibe Headphones
940,Ultra Footwear
941,Lumina Backpack
942,Plush Watch
943,Comfort Coffee Maker
944,Relax Sweater
945,Vibe Blender
946,Elite Knife Set
947,Zen Camera
948,Fit Watch
949,Aqua Coffee Maker
950,Luxe Hair Dryer
951,Eco BBQ
952,Fit Glassware
953,Elite Blender
954,Sparkle Purifier
955,Lumina Blanket
956,Pure Fan
957,Comfort Soap
958,Snap Earbuds
959,Breeze Pillow
960,Flexi Toothpaste
961,Ultra Soap
962,Speed Running Shoes
963,Aqua Soap
964,Smart Thermostat
965,Dynamic Sleep Mask
966,Fresh Sleep Mask
967,Relax Purifier
968,Gourmet Running Shoes
969,Hydro Hair Trimmer
970,Speed Vacuum
971,Ultra Sweater
972,Cozy Hair Dryer
973,Quick BBQ
974,Comfort Purifier
975,Luxe Mop
976,Smart Yoga Mat
977,Fit Knife Set
978,Vibe Watch
979,Ultra Vacuum
980,Speed Headphones
981,Zen Earbuds
982,Flexi TV
983,Glimmer Watch
984,Turbo Candle
985,Gourmet Footwear
986,Zen Yoga Mat
987,Hydro Glassware
988,Glimmer Fan
989,Zen Sleep Mask
990,Gourmet Sweater
991,Lumina Stand
992,Pure Sleep Mask
993,Cozy Toothbrush
994,Power Lipstick
995,Serenity Earbuds
996,Zen Water Bottle
997,Fit TV
998,Style Knife Set
999,Glimmer Coffee Maker
1000,Cozy Shower Gel
